{
"zztop":{

"ELG":{
"zmin" : 0.0,
"zmax" : 2.0,
"zstep" : 0.001,
"vdisps" : [100.0],
"vdisp_min" : 1.0,
"vdisp_max" : 500.0,
"wave_range" : 40.0,
"ntrack" :8,
"lines" : [3727.092,3729.875,4102.892,4341.684,4862.708,4960.295,5008.240,6564.603],
"fixed_line_ratio" : [ [0,1,0.7] ],
"line_ratio_constraints" : [
  [1,2,4.183544,8191.412109],  
[1,3,0.000000,1094.589355],    
[1,4,1.025073,55.383873],      
[1,5,5.561016,46.186695],      
[1,6,1.944723,6.576610],       
[2,1,0.000000,0.239032],       
[2,3,0.000000,6.682360],       
[2,4,0.000000,8.079965],       
[2,5,0.000000,3.503339],       
[2,6,0.000000,0.824314],       
[3,1,0.000000,0.451760],       
[3,2,0.000000,1135.797729],    
[3,4,0.000000,16.461296],      
[3,5,0.000000,7.485384],       
[3,6,0.000000,1.518045],       
[4,1,0.000000,0.975541],       
[4,2,0.000000,2130.120361],    
[4,3,0.000000,288.067474],     
[4,5,1.355403,28.792908],      
[4,6,0.424838,3.318129],       
[5,1,0.000000,0.179823],       
[5,2,0.000000,761.421265],     
[5,3,0.000000,158.646912],     
[5,4,0.000000,0.737788],       
[5,6,0.095827,0.854336],       
[6,1,0.000000,0.514212],       
[6,2,0.000000,2023.090454],    
[6,3,0.000000,473.529968],     
[6,4,0.000000,2.353836],                
[6,5,0.000000,10.435503]
],
"zwarn_min_dchi2" : 0.0,
"zwarn_min_total_snr" : 7.0,
"zwarn_min_number_of_significant_lines" : 2,
"zwarn_min_line_snr" : 3.0 ,
"zwarn_min_oII_snr" : 0.0
},

"OTHER":{}

}

}

