{
"zztop":{

"ELG":{
"zmin" : 0.0,
"zmax" : 2.0,
"zstep" : 0.001,
"vdisps" : [90.0],
"vdisp_min" : 1.0,
"vdisp_max" : 500.0,
"vdisp_prior_mean" : 90.0,
"vdisp_prior_rms" : 30.0,
"wave_range" : 40.0,
"ntrack" : 8,
"lines" : [3727.092,3729.875,4102.892,4341.684,4862.708,4960.295,5008.240,6564.603],
"fixed_line_ratio" : [ [0,1,0.7] ],
"line_ratio_pca_prior" :{
"lines": [3727,3729,4102,4341,4862,4960,5008,6564],
"mean_flux": [0.405256,0.555979,0.105364,0.206773,0.452606,0.091338,0.266629,1.242793],
"components": [
[-0.000059,-0.000133,0.006826,0.012006,0.025570,-0.001277,-0.003450,-0.999571],
[0.557429,0.739854,-0.057770,-0.096523,-0.197403,0.093813,0.285317,-0.007839],
[-0.168634,-0.266916,0.037389,0.057969,-0.081551,0.313797,0.889056,-0.004559],
[0.171604,0.126636,0.249975,0.408661,0.844548,0.029717,0.100533,0.027808],
[0.080581,-0.023606,0.726910,0.495402,-0.456067,0.020037,-0.103583,-0.000422],
[-0.001270,0.005530,0.058570,-0.139451,0.054400,0.934729,-0.316879,0.000016],
[0.784980,-0.597609,-0.153115,0.029054,-0.035041,0.009531,-0.032564,-0.001460],
[-0.093270,0.087245,-0.614376,0.744621,-0.168175,0.132795,-0.076506,0.000535]
],
"mean_coef": [0.002228,0.006089,-0.004917,0.032404,-0.029697,0.002748,-0.001188,-0.006314],
"rms_coef": [0.045126,0.273591,0.117350,1.128531,0.609309,0.072947,0.052981,0.225454],
"min_coef": [-0.307100,-7.690836,-3.195307,-0.247379,-17.823058,-0.050733,-1.380677,-6.570427],
"max_coef": [0.999244,0.877489,0.258912,33.009161,0.316604,2.126094,0.074801,0.140758]
},
"zwarn_min_dchi2" : 0.0,
"zwarn_min_total_snr" : 7.0,
"zwarn_min_number_of_significant_lines" : 2,
"zwarn_min_line_snr" : 3.0 ,
"zwarn_min_oII_snr" : 0.0
},

"OTHER":{}

}

}

