{
"zztop":{

"ELG":{
"zmin" : 0.0,
"zmax" : 2.0,
"zstep" : 0.001,
"vdisps" : [90.0],
"vdisp_min" : 1.0,
"vdisp_max" : 500.0,
"vdisp_prior_mean" : 90.0,
"vdisp_prior_rms" : 30.0,
"wave_range" : 40.0,
"ntrack" : 8,
"lines" : [3727.092,3729.875,4102.892,4341.684,4862.708,4960.295,5008.240,6564.603],
"fixed_line_ratio" : [ [0,1,0.7] ],
"line_ratio_pca_prior" :{
"lines": [3727,3729,4102,4341,4862,4960,5008],
"mean_flux": [0.411091,0.565425,0.104706,0.199815,0.441090,0.093496,0.269627],
"components": [
[-0.110923,-0.139492,0.265940,0.438911,0.838688,-0.011147,-0.036747],
[0.003710,-0.025103,0.010431,0.017734,0.029439,0.324789,0.944764],
[0.646124,0.722271,0.138122,0.195116,0.060087,0.005657,0.007649],
[-0.029924,-0.190793,0.705308,0.459415,-0.500120,0.058269,-0.025810],
[-0.746103,0.648472,0.145757,-0.027070,-0.022024,0.007829,0.017054],
[0.030562,-0.000328,0.116688,-0.221843,0.081477,0.911846,-0.313264],
[-0.108204,0.036308,-0.614629,0.712716,-0.186769,0.243797,-0.083195]
],
"mean_coef": [-0.011080,0.001898,0.003935,-0.013843,-0.001495,-0.000079,0.002210],
"rms_coef": [0.085435,0.035382,0.020844,0.044407,0.024025,0.008881,0.022777],
"min_coef": [-0.433622,-0.272532,-0.153272,-0.195055,-0.078155,-0.085504,-0.134803],
"max_coef": [0.667840,0.290321,0.083949,0.315468,0.104370,0.090282,0.127943]
},
"zwarn_min_dchi2" : 0.0,
"zwarn_min_total_snr" : 7.0,
"zwarn_min_number_of_significant_lines" : 2,
"zwarn_min_line_snr" : 3.0 ,
"zwarn_min_oII_snr" : 0.0
},

"OTHER":{}

}

}

