{
"zztop":{

"ELG":{
"zmin" : 0.3,
"zmax" : 2.0,
"zstep" : 0.001,
"vdisps" : [100.0],
"vdisp_min" : 1.0,
"vdisp_max" : 500.0,
"wave_range" : 20.0,
"ntrack" :8,
"lines" : [3727.092,3729.875,4102.892,4341.684,4862.708,4960.295,5008.240,6564.603],
"fixed_line_ratio" : [ [0,1,0.7] ],
"line_ratio_constraints" : [
[1,2,3.937153,2975.109863],
[1,3,2.178405,367.086182], 
[1,4,1.025374,21.543840],  
[1,5,4.373177,107.484665], 
[1,6,1.706369,6.639683],   
[2,3,0.0,1.830656],   
[2,4,0.0,3.581452],   
[2,5,0.0,5.316770],   
[2,6,0.0,0.823074],   
[3,4,0.0,7.677738],   
[3,5,0.0,16.058731],  
[3,6,0.0,1.486145],   
[4,5,1.562764,63.935055],  
[4,6,0.483838,3.215063],   
[5,6,0.0,0.841668]
],
"zwarn_min_dchi2" : 4.0,
"zwarn_min_total_snr" : 3.0,
"zwarn_min_number_of_significant_lines" : 2,
"zwarn_min_line_snr" : 3.0 ,
"zwarn_min_oII_snr" : 5.0
},

"OTHER":{}

}

}

