{
"zztop":{

"ELG":{
"zmin" : 0.3,
"zmax" : 2.0,
"zstep" : 0.001,
"vdisps" : [100.0],
"vdisp_min" : 1.0,
"vdisp_max" : 500.0,
"wave_range" : 20.0,
"ntrack" :8,
"lines" : [3727.092,3729.875,4102.892,4341.684,4862.708,4960.295,5008.240,6564.603],
"fixed_line_ratio" : [ [0,1,0.7] ],
"line_ratio_constraints" : [
[1,2,3.0 , 10000.0],
[1,3,1.652370 , 6.822389],
[1,4,0.758316 , 2.720020],
[1,5,2.651839 , 8.835278],
[1,6,0.917218 , 3.023933],
[2,3,0.092857 , 0.575112],
[2,4,0.027251 , 0.252942],
[2,5,0.132053 , 1.816861],
[2,6,0.040813 , 0.613780],
[3,4,0.293469 , 0.475378],
[3,5,0.859397 , 3.350700],
[3,6,0.286579 , 1.131949],
[4,5,2.161887 , 7.335445],
[4,6,0.716065 , 2.478093],
[5,6,0.309069 , 0.345880]
],
"zwarn_min_dchi2" : 4.0,
"zwarn_min_total_snr" : 3.0,
"zwarn_min_number_of_significant_lines" : 2,
"zwarn_min_line_snr" : 3.0 ,
"zwarn_min_oII_snr" : 5.0
},

"OTHER":{}

}

}

