{
"zztop":{

"ELG":{
"zmin" : 0.0,
"zmax" : 2.0,
"zstep" : 0.001,
"vdisps" : [100.0],
"vdisp_min" : 1.0,
"vdisp_max" : 500.0,
"wave_range" : 40.0,
"ntrack" :8,
"lines" : [3727.092,3729.875,4102.892,4341.684,4862.708,4960.295,5008.240,6564.603],
"fixed_line_ratio" : [ [0,1,0.7] ],
"line_ratio_constraints" : [
[1,2,4.051642,2631.104492], 
[1,3,2.178338,301.462280],  
[1,4,1.025349,19.350750],   
[1,5,5.447598,107.004890],  
[1,6,1.709060,6.814725],    
[2,1,0.000000,0.246813],    
[2,3,0.000000,0.851157],    
[2,4,0.000000,3.211158],    
[2,5,0.000000,5.240171],    
[2,6,0.000000,0.822975],    
[3,1,0.000000,0.459066],    
[3,2,0.000000,126.419601],  
[3,4,0.000000,6.897041],    
[3,5,0.000000,16.015936],   
[3,6,0.000000,1.485972],    
[4,1,0.000000,0.975278],    
[4,2,0.000000,422.701447],  
[4,3,0.000000,75.641937],   
[4,5,1.588501,63.733147],   
[4,6,0.484085,3.214609],    
[5,1,0.000000,0.183567],    
[5,2,0.000000,169.822021],  
[5,3,0.000000,18.208052],   
[5,4,0.000000,0.629524],    
[5,6,0.000000,0.865725],    
[6,1,0.000000,0.585117],    
[6,2,0.000000,562.271484],  
[6,3,0.000000,122.338684],  
[6,4,0.000000,2.065751],    
[6,5,0.000000,7.107532]        
],
"zwarn_min_dchi2" : 4.0,
"zwarn_min_total_snr" : 3.0,
"zwarn_min_number_of_significant_lines" : 2,
"zwarn_min_line_snr" : 3.0 ,
"zwarn_min_oII_snr" : 5.0
},

"OTHER":{}

}

}

