{
"zztop":{

"ELG":{
"zmin" : 0.0,
"zmax" : 2.0,
"zstep" : 0.001,
"vdisps" : [90.0],
"vdisp_min" : 1.0,
"vdisp_max" : 500.0,
"vdisp_prior_mean" : 90.0,
"vdisp_prior_rms" : 30.0,
"wave_range" : 40.0,
"ntrack" : 8,
"lines" : [3727.092,3729.875,4102.892,4341.684,4862.708,4960.295,5008.240,6564.603],
"fixed_line_ratio" : [ [0,1,0.7] ],
"line_ratio_pca_prior" :{
"lines": [3727,3729,4102,4341,4862,4960,5008,6564],
"mean_flux": [0.437665,0.601239,0.098860,0.212114,0.514744,0.111735,0.327245,1.511246],
"components": [
[0.381038,0.539854,-0.185046,-0.288422,-0.442619,0.080169,0.262001,-0.418276],
[-0.126722,-0.179986,0.072933,0.116592,0.164685,0.294785,0.904700,-0.011485],
[0.398945,0.512962,0.221400,0.439965,0.578217,0.011480,-0.025630,-0.001557],
[0.681250,-0.545743,0.354602,0.176951,-0.259112,0.049944,-0.034927,-0.100775],
[-0.394672,0.271385,0.581991,0.411096,-0.506876,0.067515,-0.031178,-0.020428],
[0.240863,0.193799,-0.036295,-0.106168,-0.238667,0.117531,0.105476,0.899966],
[-0.018796,0.062831,0.667187,-0.700156,0.236760,-0.061110,0.023175,0.003864],
[-0.036851,-0.006511,-0.022545,-0.088593,0.074518,0.939118,-0.313627,-0.066220]
],
"mean_coef": [-0.000000,-0.000000,-0.000000,-0.000000,-0.000000,0.000000,0.000000,-0.000000],
"rms_coef": [0.110826,0.051768,0.048493,0.029063,0.039884,0.038412,0.022808,0.009397],
"min_coef": [-0.873747,-0.234674,-0.138916,-0.205139,-0.447833,-0.429632,-0.097581,-0.070512],
"max_coef": [0.927815,0.306608,0.508929,0.126482,0.224999,0.148814,0.197950,0.114845]
},
"zwarn_min_dchi2" : 0.0,
"zwarn_min_total_snr" : 7.0,
"zwarn_min_number_of_significant_lines" : 2,
"zwarn_min_line_snr" : 3.0 ,
"zwarn_min_oII_snr" : 0.0
},

"OTHER":{}

}

}

