{
"zztop":{

"ELG":{
"zmin" : 0.0,
"zmax" : 2.0,
"zstep" : 0.001,
"vdisps" : [100.0],
"vdisp_min" : 1.0,
"vdisp_max" : 500.0,
"vdisp_prior_mean" : 90.0,
"vdisp_prior_rms" : 30.0,
"wave_range" : 40.0,
"ntrack" :8,
"lines" : [3727.092,3729.875,4102.892,4341.684,4862.708,4960.295,5008.240,6564.603],
"fixed_line_ratio" : [ [0,1,0.7] ],
"line_ratio_constraints" : [
[1,2,1.756895,814.727295],
[1,3,0.946759,35.775806],
[1,4,0.014751,3.687710],
[1,5,2.866540,15.068507],
[1,6,0.989461,7.657676],
[1,7,0.197790,1.243847],
[2,1,0.000000,0.569186],
[2,3,0.000000,0.801446],
[2,4,0.000000,0.287981],
[2,5,0.000000,2.345084],
[2,6,0.000000,1.319024],
[2,7,0.020256,0.090899],
[3,1,0.000000,1.056235],
[3,2,0.000000,124.938911],
[3,4,0.000000,0.528566],
[3,5,0.393306,4.521389],
[3,6,0.193242,2.577015],
[3,7,0.110811,0.178383],
[4,1,0.000000,67.793526],
[4,2,0.000000,633.214233],
[4,3,0.000000,15.615001],
[4,5,2.113544,10.211471],
[4,6,0.724234,5.804482],
[4,7,0.331420,0.396787],
[5,1,0.000000,0.348853],
[5,2,0.000000,83.213654],
[5,3,0.000000,2.542551],
[5,4,0.000000,0.473139],
[5,6,0.273062,1.774803],
[5,7,0.039264,0.158064],
[6,1,0.000000,1.010651],
[6,2,0.000000,272.744049],
[6,3,0.000000,5.174860],
[6,4,0.000000,1.380769],
[6,5,0.000000,3.662172],
[6,7,0.113595,0.461279],
[7,1,0.000000,5.055872],
[7,2,0.000000,49.367241],
[7,3,0.000000,9.024354],
[7,4,0.000000,3.017323],
[7,5,0.000000,25.468327],
[7,6,0.000000,8.803236]
],
"zwarn_min_dchi2" : 0.0,
"zwarn_min_total_snr" : 7.0,
"zwarn_min_number_of_significant_lines" : 2,
"zwarn_min_line_snr" : 3.0 ,
"zwarn_min_oII_snr" : 0.0
},

"OTHER":{}

}

}

